id,task,text,needs_text,expected_text,aspect_ratio,n_outputs
product-photo-01,product-photo,"Studio shot of a frosted glass serum bottle with a gold dropper cap on a wet slate surface, soft diffused light, pale green botanical shadows",false,,1:1,12
product-photo-02,product-photo,"white running shoe floating mid air, clean grey background, product photo for a shop listing",false,,1:1,12
product-photo-03,product-photo,"A can of sparkling lemon water covered in condensation, ice cubes and a lemon slice splashing beside it, bright high-key lighting, crisp commercial look",false,,1:1,12
product-photo-04,product-photo,"Premium product photo of matte black wireless earbuds in an open charging case on a dark brushed-metal surface, single soft key light, subtle reflections",false,,1:1,12
product-photo-05,product-photo,"kraft paper coffee bag with a simple blank label on a wooden counter next to scattered coffee beans, morning light from the side",false,,1:1,12
product-photo-06,product-photo,"Lifestyle shot of a handmade ceramic bowl of granola with berries and a linen napkin, overhead view, soft natural light, muted earthy tones",false,,1:1,12
product-photo-07,product-photo,"Macro product photo of a thin gold ring with a small emerald on a white marble block, shallow depth of field, soft shadow, luxury catalogue style",false,,1:1,12
product-photo-08,product-photo,"mustard velvet armchair, studio catalog shot",false,,1:1,12
product-photo-09,product-photo,"A scented soy candle in an amber glass jar with a wooden lid, lit, on a stack of folded linen with eucalyptus sprigs, cosy warm ambience, soft focus background",false,,1:1,12
product-photo-10,product-photo,"Hero banner image for an online outdoor store: a brushed stainless steel water bottle lying on wet rocks beside a mountain stream, early morning mist, pine trees out of focus behind, cool tones, wide composition with empty space on the left for a headline",false,,16:9,12
logo-01,logo,"Minimal logo for a bakery called ""Golden Crumb"", a wheat ear woven into the letters, warm brown and cream, flat vector style on a white background",true,Golden Crumb,1:1,12
logo-02,logo,"logo for my coffee roastery ""Ember Roast"" pls, something modern",true,Ember Roast,1:1,12
logo-03,logo,"Design a clean geometric logo for a yoga studio named ""Still Lotus"". A single-line lotus above the name, sage green on off-white, lots of negative space.",true,Still Lotus,1:1,12
logo-04,logo,"Tech startup logo, the word ""Nexora"" in a bold custom sans-serif with a subtle circuit motif in the letter o, electric blue gradient, dark background",true,Nexora,1:1,12
logo-05,logo,"Vintage barbershop badge logo with crossed scissors and the text ""Iron Comb"", black and gold, circular emblem",true,Iron Comb,1:1,12
logo-06,logo,"Playful logo for a dog grooming salon called ""Happy Paws"", a smiling dog silhouette, rounded friendly letters, teal and coral",true,Happy Paws,1:1,12
logo-07,logo,"I need a logo for a landscaping company, text ""Verdant Yard"", a leaf shape, two greens, simple enough to print on the side of a truck",true,Verdant Yard,1:1,12
logo-08,logo,"Elegant monogram-style logo for a bookshop, the name ""Quiet Pages"" in a classic serif under a small open-book icon, navy on cream",true,Quiet Pages,1:1,12
logo-09,logo,"surf school logo, wave + sun, says ""Salt Line Surf"", retro 70s colours",true,Salt Line Surf,1:1,12
logo-10,logo,"A trustworthy, modern logo for a dental clinic named ""Brightwell Dental"", a soft tooth shape merged with a smile curve, light blue and white, flat design",true,Brightwell Dental,1:1,12
poster-flyer-01,poster-flyer,"Concert poster for an indie folk night, big headline ""Autumn Sessions"" in hand-lettered type, a lone guitar silhouette against a warm sunset, textured paper look",true,Autumn Sessions,4:5,12
poster-flyer-02,poster-flyer,"farmers market flyer with the words ""Fresh Saturdays"", baskets of vegetables, bright and cheerful",true,Fresh Saturdays,4:5,12
poster-flyer-03,poster-flyer,"Minimal quote card, the phrase ""Begin Again"" centred in a thin serif on a soft gradient of dusty pink and peach, nothing else",true,Begin Again,4:5,12
poster-flyer-04,poster-flyer,"Movie-style poster for a sci-fi thriller titled ""Orbital Drift"": an astronaut floating above a blue planet, dramatic rim light, bold metallic title at the bottom",true,Orbital Drift,4:5,12
poster-flyer-05,poster-flyer,"Promo flyer for a shoe store sale, headline ""Midnight Deals"" in huge neon letters on a dark background, sneakers floating around the text",true,Midnight Deals,4:5,12
poster-flyer-06,poster-flyer,"Charity run poster, text ""Harbor Dash"", runners on a seaside road at dawn, clean modern layout",true,Harbor Dash,4:5,12
poster-flyer-07,poster-flyer,"A gallery exhibition poster with the title ""Shapes Of Silence"" in a large Swiss-style grotesque font, abstract overlapping colour blocks in ochre, navy and white, lots of whitespace",true,Shapes Of Silence,4:5,12
poster-flyer-08,poster-flyer,"tech meetup flyer, headline ""Build Night"", dark mode vibe, glowing geometric shapes, leave room at the bottom for the details",true,Build Night,4:5,12
poster-flyer-09,poster-flyer,"Retro summer camp poster saying ""Pine Ridge Camp"", pine trees around a lake, a canoe, 1960s travel poster style, limited palette of green, mustard and cream",true,Pine Ridge Camp,4:5,12
poster-flyer-10,poster-flyer,"Open mic night flyer, the words ""Loud Whispers"" in bold brush lettering, a vintage microphone under a spotlight, deep red and black",true,Loud Whispers,4:5,12
portrait-headshot-01,portrait-headshot,"Professional corporate headshot of a woman in her forties with short curly grey hair, navy blazer, neutral grey studio background, soft even lighting, genuine smile",false,,1:1,12
portrait-headshot-02,portrait-headshot,"profile photo, young man with a short beard, white shirt, blurred office",false,,1:1,12
portrait-headshot-03,portrait-headshot,"Editorial black and white portrait of an elderly fisherman with deep wrinkles and a wool cap, dramatic side light, dark background, fine film grain",false,,1:1,12
portrait-headshot-04,portrait-headshot,"Natural light portrait of a woman with freckles and red hair in a yellow raincoat, laughing, rainy city street softly out of focus behind her",false,,1:1,12
portrait-headshot-05,portrait-headshot,"headshot for a startup team page, man in his thirties, East Asian, round glasses, dark green sweater, light background, warm smile",false,,1:1,12
portrait-headshot-06,portrait-headshot,"Close-up beauty portrait of a dark-skinned woman with a shaved head and gold hoop earrings, glowing skin, soft pink studio backdrop, ring light catchlights",false,,1:1,12
portrait-headshot-07,portrait-headshot,"candid lifestyle photo, a father in his fifties with his adult daughter sitting on a park bench in autumn, golden hour, both looking at the camera",false,,1:1,12
portrait-headshot-08,portrait-headshot,"Portrait of a chef in a white jacket standing in a kitchen doorway, arms crossed, confident look, shallow depth of field, warm tungsten light from inside",false,,1:1,12
portrait-headshot-09,portrait-headshot,"Actor headshot, young woman with long dark braids, plain black top, teal background, three-quarter angle, sharp eyes, slight smile",false,,1:1,12
portrait-headshot-10,portrait-headshot,"Full-length vertical portrait of a ceramic artist in a clay-stained apron holding a bowl in a sunlit studio, tall composition for a phone screen",false,,9:16,12
anime-illustration-01,anime-illustration,"Anime girl with silver hair and a red scarf standing on a train platform at sunset, cherry petals in the wind, cel shading, soft glow",false,,1:1,12
anime-illustration-02,anime-illustration,"cute chibi cat wizard, pastel, simple background",false,,1:1,12
anime-illustration-03,anime-illustration,"Hand-painted anime film background: a quiet hillside town with laundry lines, a bakery with a striped awning and big cumulus clouds, warm afternoon light, no people",false,,1:1,12
anime-illustration-04,anime-illustration,"Manga-style illustration of two friends sharing an umbrella in the rain, black ink lines with screentone shading, one spot of colour on the umbrella",false,,1:1,12
anime-illustration-05,anime-illustration,"Children's book illustration of a shy fox reading a book under a big mushroom, soft watercolour texture, friendly rounded shapes",false,,1:1,12
anime-illustration-06,anime-illustration,"cartoon mascot of a happy avocado wearing sunglasses and sneakers, bold outlines, flat colours, white background",false,,1:1,12
anime-illustration-07,anime-illustration,"Flat vector illustration of a woman working on a laptop in a plant-filled home office, limited palette of mustard, teal and coral, clean geometric shapes",false,,1:1,12
anime-illustration-08,anime-illustration,"Dynamic anime action shot of a young martial artist mid-leap above a bamboo forest, motion lines, dramatic low angle, vibrant colours",false,,1:1,12
anime-illustration-09,anime-illustration,"anime phone wallpaper, a lonely lighthouse on a cliff at night, huge starry sky, tiny warm window light, vertical",false,,9:16,12
anime-illustration-10,anime-illustration,"Retro 90s anime style portrait of a boy with headphones and a baggy jacket in a neon-lit arcade, VHS grain, slightly faded colours",false,,1:1,12
interior-design-01,interior-design,"Scandinavian living room with a light oak floor, a pale grey sofa, a wool rug, a large window with sheer curtains, a few green plants, bright overcast daylight, photorealistic",false,,1:1,12
interior-design-02,interior-design,"japandi bedroom, low platform bed, linen bedding, paper lantern, real estate photo",false,,1:1,12
interior-design-03,interior-design,"Industrial loft kitchen with exposed brick, black steel shelving, a concrete island with bar stools and pendant bulbs, late afternoon sun through tall factory windows",false,,1:1,12
interior-design-04,interior-design,"Small modern bathroom with a speckled terrazzo floor, a walk-in shower behind fluted glass, a floating walnut vanity with a round stone basin, brushed brass fixtures, a tall arched mirror, a single eucalyptus stem in a vase, soft diffused daylight, interior magazine photo",false,,1:1,12
interior-design-05,interior-design,"cozy home office in an attic with slanted ceilings, built in bookshelves, a leather chair, a desk by a round window, evening lamp light",false,,1:1,12
interior-design-06,interior-design,"Mediterranean restaurant interior with white plaster arches, terracotta tiles, olive trees in large pots, rattan chairs and linen tablecloths, golden hour light through the arches, wide-angle shot",false,,16:9,12
interior-design-07,interior-design,"Modern two-storey house exterior at dusk with large glass windows, warm interior lights, a cedar wood facade, a gravel path and a few birch trees, architectural photograph",false,,1:1,12
interior-design-08,interior-design,"boho balcony makeover, string lights, rattan hanging chair, lots of plants, patterned cushions, city view at sunset",false,,1:1,12
interior-design-09,interior-design,"Art deco hotel lobby with a black and white marble floor, brass detailing, a curved emerald velvet sofa and a dramatic geometric chandelier, cinematic lighting",false,,1:1,12
interior-design-10,interior-design,"Minimalist kids bedroom with a house-shaped bed frame, sage green walls, a reading nook with cushions, wooden toys, soft morning light, photorealistic render",false,,1:1,12
fantasy-concept-art-01,fantasy-concept-art,"Concept art of an elven ranger with braided copper hair and a mossy green cloak standing at the edge of a misty ancient forest, longbow on her back, painterly style, soft morning rays",false,,1:1,12
fantasy-concept-art-02,fantasy-concept-art,"a friendly moss covered dragon curled around a lighthouse, fantasy illustration, detailed scales",false,,1:1,12
fantasy-concept-art-03,fantasy-concept-art,"Epic wide establishing shot of floating islands chained together above an endless sea of clouds, waterfalls spilling into the void, tiny airships, golden hour, matte painting style",false,,16:9,12
fantasy-concept-art-04,fantasy-concept-art,"Character sheet style concept art of a desert nomad merchant with layered indigo robes, brass goggles and a pack lizard, neutral background, front view, detailed costume design",false,,1:1,12
fantasy-concept-art-05,fantasy-concept-art,"Underwater city carved into a coral reef, glowing bioluminescent streets, schools of fish between the towers, shafts of sunlight from above, highly detailed digital painting",false,,1:1,12
fantasy-concept-art-06,fantasy-concept-art,"cozy fantasy tavern interior, dwarves and gnomes laughing by a huge fireplace, hanging herbs, warm candlelight, game art style",false,,1:1,12
fantasy-concept-art-07,fantasy-concept-art,"Forest spirit creature design: a deer-like being with antlers made of birch branches and glowing blue eyes, surrounded by fireflies in a dark forest, ethereal, game concept art",false,,1:1,12
fantasy-concept-art-08,fantasy-concept-art,"steampunk airship with brass propellers and patched canvas balloons flying through a canyon at sunset, concept art, cinematic",false,,1:1,12
fantasy-concept-art-09,fantasy-concept-art,"An ancient ice temple hollowed out inside a glacier, frozen staircases spiralling up to a glowing crystal altar, columns of translucent blue ice, a lone pilgrim in a red cloak for scale, cool palette with one warm light source, environment concept art",false,,1:1,12
fantasy-concept-art-10,fantasy-concept-art,"Game asset concept: a set of three enchanted potion bottles with glowing liquids, ornate corks and tiny blank labels, on a plain dark background, isometric view, stylised hand-painted look",false,,1:1,12
sticker-icon-01,sticker-icon,"Die-cut sticker of a smiling cup of boba tea with a chunky white border, kawaii style, pastel purple, white background",false,,1:1,12
sticker-icon-02,sticker-icon,"flat app icon for a meditation app, a simple lotus inside a rounded square, gradient from lavender to teal, no text",false,,1:1,12
sticker-icon-03,sticker-icon,"Set of six minimal line icons for a travel app: suitcase, airplane, map pin, camera, passport, sun; consistent thin strokes, black on white, arranged in a grid",false,,1:1,12
sticker-icon-04,sticker-icon,"emoji style sticker of a cute ghost waving, glossy, thick outline, plain white background",false,,1:1,12
sticker-icon-05,sticker-icon,"Vintage-style round badge sticker of a mountain with pine trees and a sunrise, distressed texture, three colours, no text",false,,1:1,12
sticker-icon-06,sticker-icon,"cute sticker pack vibe, a sleepy sloth hugging a coffee mug, pastel, bold outline",false,,1:1,12
sticker-icon-07,sticker-icon,"Weather icon set in a soft 3D clay style: sun, rain cloud, snowflake, lightning, rainbow, moon; pastel colours, white background, arranged in two rows",false,,1:1,12
sticker-icon-08,sticker-icon,"Holographic-looking sticker of a retro cassette tape with rainbow gradient edges, bold black outline, white background",false,,1:1,12
sticker-icon-09,sticker-icon,"A single flat icon of a shopping cart for an e-commerce app, two-tone orange, rounded corners, centred on a plain white background, clean and simple",false,,1:1,12
sticker-icon-10,sticker-icon,"sticker of a corgi astronaut floating with a tiny planet, thick white die-cut border, vibrant colours, cartoon style",false,,1:1,12
